{
  "type": "Feature",
  "geometry": {
    "type": "MultiPoint",
    "coordinates": [
      [
        -122.63308088,
        45.4962849
      ],
      [
        -122.63306431,
        45.49637338
      ],
      [
        -122.6334256,
        45.49660218
      ],
      [
        -122.63356084,
        45.49625963
      ],
      [
        -122.63311194,
        45.49650404
      ],
      [
        -122.63348299,
        45.49658398
      ],
      [
        -122.63331146,
        45.49633467
      ],
      [
        -122.6330756,
        45.49671172
      ],
      [
        -122.63342154,
        45.49621843
      ],
      [
        -122.63387203,
        45.49641333
      ],
      [
        -122.63333708,
        45.49653555
      ],
      [
        -122.6333897,
        45.49618781
      ],
      [
        -122.63350344,
        45.49660356
      ],
      [
        -122.63369646,
        45.49689834
      ],
      [
        -122.63334257,
        45.49661765
      ],
      [
        -122.63317761,
        45.49637213
      ]
    ]
  },
  "properties": {
    "time": [
      1367911620000,
      1367913213000,
      1367914115000,
      1367915019000,
      1367916829000,
      1367918640000,
      1367919546000,
      1367923167000,
      1367924079000,
      1367926798000,
      1367927705000,
      1367928610000,
      1367929515000,
      1367932231000,
      1367933136000,
      1367934945000
    ],
    "speed": [
      0,
      0,
      1,
      0,
      0,
      0,
      0,
      0,
      0,
      2,
      0,
      0,
      0,
      0,
      0,
      0
    ],
    "altitude": [
      19,
      13,
      -18,
      -4,
      27,
      16,
      16,
      62,
      39,
      39,
      37,
      40,
      39,
      -148,
      77,
      7
    ],
    "heading": [
      0,
      0,
      0,
      0,
      0,
      0,
      0,
      0,
      0,
      0,
      0,
      0,
      0,
      0,
      0,
      0
    ],
    "horizontal_accuracy": [
      34,
      74,
      27,
      56,
      43,
      41,
      39,
      36,
      40,
      46,
      32,
      10,
      24,
      10,
      25,
      24
    ],
    "vertical_accuracy": [
      0,
      0,
      0,
      0,
      0,
      0,
      0,
      0,
      0,
      0,
      0,
      0,
      0,
      0,
      0,
      0
    ],
    "raw": []
  },
  "bbox": [
    [
      -122.63387203,
      45.49618781
    ],
    [
      -122.63387203,
      45.49689834
    ],
    [
      -122.63306431,
      45.49689834
    ],
    [
      -122.63306431,
      45.49618781
    ]
  ]
}