{
  "type": "Feature",
  "geometry": {
    "type": "MultiPoint",
    "coordinates": [
      [
        -123.2630533,
        44.5492463
      ],
      [
        -123.2630909,
        44.5492147
      ],
      [
        -123.26309142,
        44.54929279
      ],
      [
        -123.26303376,
        44.54925592
      ],
      [
        -123.26303401,
        44.54925521
      ],
      [
        -123.263101,
        44.5492519
      ],
      [
        -123.26304274,
        44.54925173
      ],
      [
        -123.2631329,
        44.5492638
      ],
      [
        -123.2630754,
        44.5491845
      ],
      [
        -123.26307025,
        44.54918127
      ],
      [
        -123.26307036,
        44.54918086
      ],
      [
        -123.2631296,
        44.5492601
      ],
      [
        -123.26308499,
        44.54917366
      ],
      [
        -123.26308499,
        44.54917366
      ],
      [
        -123.2631295,
        44.549258
      ],
      [
        -123.26309405,
        44.54917552
      ],
      [
        -123.26309352,
        44.54917504
      ],
      [
        -123.2630535,
        44.5492461
      ]
    ]
  },
  "properties": {
    "time": [
      1367650950000,
      1367650987000,
      1367650991000,
      1367651079000,
      1367651081000,
      1367651082000,
      1367651129000,
      1367651131000,
      1367651133000,
      1367651172000,
      1367651173000,
      1367651175000,
      1367651230000,
      1367651233000,
      1367651233000,
      1367651318000,
      1367651321000,
      1367651321000
    ],
    "speed": [
      0,
      0,
      0,
      0,
      0,
      0,
      0,
      0,
      0,
      0,
      0,
      0,
      0,
      0,
      0,
      0,
      0,
      0
    ],
    "altitude": [
      0,
      0,
      13,
      37,
      36,
      0,
      36,
      0,
      34,
      34,
      34,
      0,
      36,
      36,
      0,
      37,
      37,
      0
    ],
    "heading": [
      0,
      0,
      0,
      0,
      0,
      0,
      0,
      0,
      0,
      0,
      0,
      0,
      0,
      0,
      0,
      0,
      0,
      0
    ],
    "horizontal_accuracy": [
      25,
      45,
      73,
      56,
      39,
      23,
      84,
      26,
      25,
      37,
      27,
      25,
      50,
      32,
      24,
      76,
      47,
      25
    ],
    "vertical_accuracy": [
      0,
      0,
      0,
      0,
      0,
      0,
      0,
      0,
      0,
      0,
      0,
      0,
      0,
      0,
      0,
      0,
      0,
      0
    ],
    "raw": []
  },
  "bbox": [
    [
      -123.2631329,
      44.54917366
    ],
    [
      -123.2631329,
      44.54929279
    ],
    [
      -123.26303376,
      44.54929279
    ],
    [
      -123.26303376,
      44.54917366
    ]
  ]
}