{
  "type": "Feature",
  "geometry": {
    "type": "MultiPoint",
    "coordinates": [
      [
        -123.26315918,
        44.54925757
      ],
      [
        -123.26315918,
        44.54925757
      ],
      [
        -123.263129,
        44.5492106
      ],
      [
        -123.26315941,
        44.54927156
      ],
      [
        -123.26315972,
        44.54927218
      ],
      [
        -123.2631265,
        44.5492614
      ]
    ]
  },
  "properties": {
    "time": [
      1366424598000,
      1366424598000,
      1366424602000,
      1366424617000,
      1366424621000,
      1366424631000
    ],
    "speed": [
      0,
      0,
      0,
      0,
      0,
      0
    ],
    "altitude": [
      54,
      54,
      0,
      45,
      44,
      0
    ],
    "heading": [
      0,
      0,
      0,
      0,
      0,
      0
    ],
    "horizontal_accuracy": [
      147,
      147,
      35,
      149,
      88,
      26
    ],
    "vertical_accuracy": [
      0,
      0,
      0,
      0,
      0,
      0
    ],
    "raw": []
  },
  "bbox": [
    [
      -123.26315972,
      44.5492106
    ],
    [
      -123.26315972,
      44.54927218
    ],
    [
      -123.2631265,
      44.54927218
    ],
    [
      -123.2631265,
      44.5492106
    ]
  ]
}