{
  "type": "Feature",
  "geometry": {
    "type": "MultiPoint",
    "coordinates": [
      [
        -123.26455772,
        44.54983277
      ],
      [
        -123.26500558,
        44.54982299
      ],
      [
        -123.26528848,
        44.55004093
      ],
      [
        -123.26522978,
        44.55035858
      ],
      [
        -123.26520235,
        44.55066664
      ],
      [
        -123.26522582,
        44.55098449
      ],
      [
        -123.26521138,
        44.55130029
      ],
      [
        -123.26518003,
        44.55160747
      ],
      [
        -123.26518163,
        44.55188308
      ],
      [
        -123.26557851,
        44.55188898
      ],
      [
        -123.26599874,
        44.55189944
      ],
      [
        -123.26642195,
        44.55190139
      ],
      [
        -123.26683924,
        44.55192871
      ],
      [
        -123.26724848,
        44.55193516
      ],
      [
        -123.26766514,
        44.55194627
      ],
      [
        -123.26804338,
        44.55193255
      ],
      [
        -123.268485,
        44.55190395
      ],
      [
        -123.26889981,
        44.55190189
      ],
      [
        -123.26930378,
        44.5518918
      ],
      [
        -123.26972114,
        44.5519131
      ],
      [
        -123.27001578,
        44.55214162
      ],
      [
        -123.26992328,
        44.55242064
      ],
      [
        -123.26980421,
        44.55271085
      ],
      [
        -123.26979138,
        44.55299119
      ],
      [
        -123.26978961,
        44.5533388
      ],
      [
        -123.26979357,
        44.55360978
      ],
      [
        -123.27000672,
        44.553837
      ],
      [
        -123.27043173,
        44.55391549
      ],
      [
        -123.27077426,
        44.55406337
      ],
      [
        -123.2711259,
        44.55427745
      ],
      [
        -123.27142782,
        44.55448869
      ],
      [
        -123.27165155,
        44.55471097
      ],
      [
        -123.27195074,
        44.55492459
      ],
      [
        -123.27223789,
        44.55511313
      ],
      [
        -123.27260869,
        44.55527249
      ],
      [
        -123.27298495,
        44.55536561
      ],
      [
        -123.27335499,
        44.55545537
      ],
      [
        -123.27373329,
        44.5555322
      ],
      [
        -123.27410536,
        44.55565105
      ],
      [
        -123.27423139,
        44.55593092
      ],
      [
        -123.27425776,
        44.55623974
      ],
      [
        -123.2741858,
        44.55659789
      ],
      [
        -123.27411027,
        44.55687099
      ],
      [
        -123.27404736,
        44.55717146
      ],
      [
        -123.27412948,
        44.55746332
      ],
      [
        -123.27421196,
        44.55773261
      ],
      [
        -123.2742752,
        44.55803031
      ],
      [
        -123.27427864,
        44.55835353
      ],
      [
        -123.27421796,
        44.55862406
      ],
      [
        -123.27423396,
        44.55889831
      ],
      [
        -123.27413285,
        44.55920039
      ],
      [
        -123.2740497,
        44.55949214
      ],
      [
        -123.27380771,
        44.55970488
      ],
      [
        -123.27376891,
        44.55998712
      ],
      [
        -123.27394641,
        44.56024437
      ],
      [
        -123.27403613,
        44.56055581
      ],
      [
        -123.27415413,
        44.56082019
      ],
      [
        -123.27425083,
        44.56111626
      ],
      [
        -123.2743179,
        44.56139533
      ],
      [
        -123.2743746,
        44.56169452
      ],
      [
        -123.27429191,
        44.56199143
      ],
      [
        -123.27427041,
        44.56230578
      ],
      [
        -123.27434592,
        44.56262136
      ],
      [
        -123.27431907,
        44.56289923
      ],
      [
        -123.27436043,
        44.56322845
      ],
      [
        -123.27433006,
        44.56350296
      ],
      [
        -123.27436948,
        44.56379745
      ],
      [
        -123.27433029,
        44.56407998
      ],
      [
        -123.27431553,
        44.56437327
      ],
      [
        -123.27443522,
        44.56450075
      ],
      [
        -123.2744672,
        44.56451763
      ],
      [
        -123.27468884,
        44.56453951
      ],
      [
        -123.27473598,
        44.56454424
      ],
      [
        -123.27508694,
        44.56468481
      ],
      [
        -123.27551389,
        44.56468727
      ],
      [
        -123.27588798,
        44.56462461
      ],
      [
        -123.27631628,
        44.56459386
      ],
      [
        -123.27669485,
        44.5646084
      ],
      [
        -123.27683369,
        44.56481807
      ],
      [
        -123.27684494,
        44.56485063
      ],
      [
        -123.27692962,
        44.56515253
      ],
      [
        -123.27691232,
        44.5654263
      ],
      [
        -123.27693018,
        44.56571212
      ],
      [
        -123.27699386,
        44.56598239
      ],
      [
        -123.277047,
        44.56625557
      ],
      [
        -123.27702752,
        44.56655647
      ],
      [
        -123.27703252,
        44.56660825
      ],
      [
        -123.2773094,
        44.56681899
      ],
      [
        -123.27771354,
        44.56682007
      ],
      [
        -123.27811822,
        44.56686252
      ],
      [
        -123.27850242,
        44.5668559
      ],
      [
        -123.27881401,
        44.56687156
      ],
      [
        -123.27886436,
        44.5668823
      ],
      [
        -123.27927876,
        44.56683776
      ],
      [
        -123.27966144,
        44.56683041
      ],
      [
        -123.28003895,
        44.5668598
      ],
      [
        -123.28041982,
        44.56689117
      ]
    ]
  },
  "properties": {
    "time": [
      1370392691000,
      1370392698000,
      1370392705000,
      1370392711000,
      1370392717000,
      1370392723000,
      1370392729000,
      1370392736000,
      1370392796000,
      1370392863000,
      1370392868000,
      1370392874000,
      1370392880000,
      1370392886000,
      1370392892000,
      1370392897000,
      1370392903000,
      1370392909000,
      1370392916000,
      1370392924000,
      1370392933000,
      1370392938000,
      1370392943000,
      1370392948000,
      1370392954000,
      1370392959000,
      1370392964000,
      1370392969000,
      1370392974000,
      1370392980000,
      1370392986000,
      1370392991000,
      1370392997000,
      1370393004000,
      1370393011000,
      1370393017000,
      1370393023000,
      1370393030000,
      1370393037000,
      1370393044000,
      1370393051000,
      1370393057000,
      1370393063000,
      1370393071000,
      1370393078000,
      1370393082000,
      1370393088000,
      1370393094000,
      1370393099000,
      1370393104000,
      1370393110000,
      1370393119000,
      1370393127000,
      1370393133000,
      1370393137000,
      1370393145000,
      1370393151000,
      1370393158000,
      1370393164000,
      1370393171000,
      1370393179000,
      1370393186000,
      1370393191000,
      1370393197000,
      1370393202000,
      1370393207000,
      1370393215000,
      1370393226000,
      1370393240000,
      1370393245000,
      1370393246000,
      1370393251000,
      1370393252000,
      1370393261000,
      1370393267000,
      1370393273000,
      1370393280000,
      1370393288000,
      1370393296000,
      1370393297000,
      1370393304000,
      1370393312000,
      1370393320000,
      1370393327000,
      1370393332000,
      1370393337000,
      1370393338000,
      1370393354000,
      1370393362000,
      1370393370000,
      1370393375000,
      1370393380000,
      1370393381000,
      1370393388000,
      1370393394000,
      1370393400000,
      1370393406000
    ],
    "speed": [
      16,
      18,
      15,
      19,
      20,
      21,
      20,
      16,
      8,
      17,
      20,
      20,
      19,
      19,
      20,
      21,
      21,
      21,
      15,
      14,
      14,
      15,
      17,
      19,
      21,
      23,
      21,
      22,
      22,
      21,
      21,
      18,
      19,
      16,
      17,
      17,
      16,
      14,
      14,
      16,
      17,
      19,
      16,
      14,
      16,
      25,
      23,
      22,
      23,
      23,
      19,
      12,
      14,
      15,
      19,
      17,
      17,
      17,
      17,
      16,
      14,
      15,
      24,
      20,
      24,
      19,
      18,
      9,
      9,
      8,
      8,
      10,
      10,
      12,
      14,
      14,
      14,
      13,
      10,
      10,
      14,
      14,
      14,
      14,
      15,
      16,
      16,
      14,
      15,
      14,
      19,
      16,
      15,
      16,
      17,
      17,
      15
    ],
    "altitude": [
      48,
      48,
      45,
      42,
      40,
      43,
      44,
      45,
      46,
      46,
      43,
      41,
      39,
      39,
      37,
      39,
      37,
      37,
      37,
      36,
      36,
      37,
      38,
      38,
      40,
      41,
      41,
      40,
      41,
      38,
      37,
      36,
      36,
      36,
      37,
      36,
      35,
      35,
      34,
      36,
      36,
      36,
      38,
      38,
      43,
      44,
      43,
      44,
      44,
      44,
      44,
      44,
      45,
      46,
      46,
      45,
      45,
      45,
      45,
      43,
      45,
      42,
      44,
      45,
      46,
      47,
      46,
      44,
      44,
      44,
      44,
      42,
      43,
      43,
      42,
      43,
      42,
      42,
      40,
      40,
      41,
      41,
      41,
      42,
      42,
      44,
      44,
      40,
      36,
      34,
      35,
      36,
      35,
      37,
      41,
      39,
      38
    ],
    "heading": [
      0,
      0,
      0,
      0,
      0,
      0,
      0,
      0,
      0,
      0,
      0,
      0,
      0,
      0,
      0,
      0,
      0,
      0,
      0,
      0,
      0,
      0,
      0,
      0,
      0,
      0,
      0,
      0,
      0,
      0,
      0,
      0,
      0,
      0,
      0,
      0,
      0,
      0,
      0,
      0,
      0,
      0,
      0,
      0,
      0,
      0,
      0,
      0,
      0,
      0,
      0,
      0,
      0,
      0,
      0,
      0,
      0,
      0,
      0,
      0,
      0,
      0,
      0,
      0,
      0,
      0,
      0,
      0,
      0,
      0,
      0,
      0,
      0,
      0,
      0,
      0,
      0,
      0,
      0,
      0,
      0,
      0,
      0,
      0,
      0,
      0,
      0,
      0,
      0,
      0,
      0,
      0,
      0,
      0,
      0,
      0,
      0
    ],
    "horizontal_accuracy": [
      4,
      4,
      4,
      4,
      4,
      4,
      4,
      4,
      5,
      4,
      4,
      4,
      4,
      4,
      4,
      5,
      5,
      5,
      4,
      5,
      13,
      13,
      11,
      9,
      7,
      7,
      6,
      6,
      5,
      7,
      8,
      8,
      7,
      6,
      6,
      6,
      9,
      7,
      7,
      8,
      13,
      22,
      17,
      8,
      6,
      6,
      6,
      7,
      8,
      7,
      8,
      11,
      12,
      14,
      11,
      9,
      8,
      8,
      7,
      7,
      9,
      7,
      8,
      8,
      20,
      19,
      8,
      5,
      6,
      7,
      8,
      7,
      7,
      9,
      8,
      8,
      9,
      11,
      12,
      14,
      19,
      44,
      75,
      78,
      20,
      12,
      12,
      5,
      5,
      5,
      5,
      5,
      5,
      5,
      5,
      4,
      4
    ],
    "vertical_accuracy": [
      0,
      0,
      0,
      0,
      0,
      0,
      0,
      0,
      0,
      0,
      0,
      0,
      0,
      0,
      0,
      0,
      0,
      0,
      0,
      0,
      0,
      0,
      0,
      0,
      0,
      0,
      0,
      0,
      0,
      0,
      0,
      0,
      0,
      0,
      0,
      0,
      0,
      0,
      0,
      0,
      0,
      0,
      0,
      0,
      0,
      0,
      0,
      0,
      0,
      0,
      0,
      0,
      0,
      0,
      0,
      0,
      0,
      0,
      0,
      0,
      0,
      0,
      0,
      0,
      0,
      0,
      0,
      0,
      0,
      0,
      0,
      0,
      0,
      0,
      0,
      0,
      0,
      0,
      0,
      0,
      0,
      0,
      0,
      0,
      0,
      0,
      0,
      0,
      0,
      0,
      0,
      0,
      0,
      0,
      0,
      0,
      0
    ],
    "raw": []
  },
  "bbox": [
    [
      -123.28123457,
      44.54908199
    ],
    [
      -123.28123457,
      44.56767517
    ],
    [
      -123.26284914,
      44.56767517
    ],
    [
      -123.26284914,
      44.54908199
    ]
  ]
}
